site_id,y_true,weighted_mcda_score,weighted_mcda_prediction,lightgbm_probability,lightgbm_prediction,mlp_probability,mlp_prediction
site_19534,1,0.8698463828826459,1,0.9999991342349485,1,0.9348222798322386,1
site_17278,0,0.8181436736645752,0,1.984755698428507e-07,0,1.4833463472378086e-10,0
site_11860,1,0.9179723195339764,1,0.9999998448804518,1,0.9999999125495381,1
site_13324,0,0.8077538368455228,0,2.8690704426439603e-07,0,3.884372764420849e-11,0
site_21021,0,0.736548388836455,0,1.744209481893151e-07,0,3.374952371626981e-35,0
site_01134,1,0.8532154352527672,1,0.9999997585703676,1,0.9998633679965149,1
site_00014,0,0.7300069221791461,0,1.744209481893151e-07,0,3.5547164591322444e-37,0
site_17333,0,0.8208829282929091,0,2.5334756404437725e-07,0,1.4007034323215584e-08,0
site_15173,0,0.8072547620243254,0,4.609508742379595e-07,0,1.110498810122645e-21,0
site_17232,1,0.8612842138582735,1,0.9999997473059402,1,0.9999448859630908,1
site_00045,0,0.7193696854839917,0,3.930386644337143e-07,0,1.4024850883238763e-18,0
site_01397,1,0.8691888835831287,1,0.999999713307506,1,0.9999859487719348,1
site_11544,0,0.7515008276717107,0,4.0313632636492795e-07,0,1.9878913471591527e-17,0
site_20278,0,0.8433537298117763,0,2.7805150337672265e-07,0,2.7832359093612635e-11,0
site_17625,0,0.726116627621448,0,1.1254099238952947e-07,0,1.5533483270561159e-27,0
site_02107,1,0.8676264571597143,1,0.9999997235845637,1,0.9999876067117183,1
site_00113,0,0.760706800605151,0,3.0436244984210766e-07,0,2.1296426607938087e-05,0
site_12640,1,0.8660477813576942,1,0.9999999492852506,1,0.999758758225932,1
site_12521,0,0.8411213957399979,0,4.789999984637809e-07,0,9.72663120229404e-10,0
site_10096,0,0.6600339504351846,0,2.5882337351642724e-07,0,1.8601821258780312e-56,0
site_16795,1,0.8586949420642417,1,0.9999995438080203,1,0.9999724189479026,1
site_10076,0,0.5880073779752171,0,1.6886548639850794e-07,0,1.769555570799572e-87,0
site_00251,0,0.8158077780589453,0,1.3751030230450306e-06,0,3.507041015567977e-05,0
site_02165,0,0.7765688089672315,0,1.0875167418090481e-07,0,6.821472406167497e-17,0
site_16430,1,0.8601203518604258,1,0.9999995611055791,1,0.9999169575207562,1
site_09612,0,0.8210316096326674,0,3.752544792314289e-07,0,1.5553736969796125e-18,0
site_20068,1,0.9068489861848654,1,0.9999996412725453,1,0.9999997642223982,1
site_16846,1,0.7815306132630458,0,0.9999974336768089,1,0.8992400177839027,1
site_11274,0,0.8327689578870763,0,3.7525447120339045e-07,0,1.3577381730084333e-13,0
site_11240,0,0.7706441165693007,0,2.617096166632973e-07,0,1.4892394484664458e-20,0
site_01027,0,0.727487686704084,0,1.842773567648375e-07,0,1.0083847893094744e-30,0
site_02166,1,0.8663186872369457,1,0.9999997330263755,1,0.9999797584717165,1
site_20553,1,0.9067527744401496,1,0.9999998068046421,1,0.9999986865004307,1
site_10637,0,0.6897801403396213,0,9.867954314412168e-08,0,1.1230896518545219e-25,0
site_16793,0,0.8255151597174902,0,1.5185738468053443e-07,0,3.349235736902101e-08,0
site_17121,1,0.793485120840786,0,0.9999981538156935,1,0.9981192350270095,1
site_16245,0,0.7666222748076764,0,3.360107538813315e-07,0,1.5602417857460128e-25,0
site_10229,0,0.6736140909050088,0,1.0522662937819887e-06,0,3.5876389289706503e-56,0
site_11144,0,0.823907743298575,0,7.872292983424965e-07,0,1.7216364192214103e-14,0
site_20905,0,0.6009277336270064,0,2.053912182452464e-07,0,2.1799205061317764e-87,0
site_10079,0,0.6350794455036844,0,7.426723563966044e-07,0,1.3364126931239778e-82,0
site_11262,0,0.808958494526142,0,3.5518331659129554e-07,0,3.856905110556124e-25,0
site_11566,0,0.8587998156376221,1,3.5518327375917355e-07,0,0.0001805074966924332,0
site_16379,1,0.862129809919422,1,0.9999995438080136,1,0.9999825217068266,1
site_20484,0,0.7553848032959254,0,1.7442094605682147e-07,0,1.1400168770350654e-17,0
site_12146,0,0.8625871395543682,1,3.5518322762014177e-07,0,0.0025529474621999305,0
site_17491,0,0.728885087879624,0,2.2576939549951446e-07,0,1.6387304378736803e-32,0
site_15404,0,0.7468051546543548,0,3.0436244984210766e-07,0,9.49439906310406e-12,0
site_09629,0,0.8314066040197985,0,5.980371274190914e-07,0,3.286745214175307e-08,0
site_01212,0,0.8423889147061454,0,3.236675729981344e-07,0,0.07867577121242299,0
site_13128,0,0.8636215233947554,1,2.799237615426537e-07,0,2.065397412834468e-06,0
site_12106,0,0.7527997943818155,0,2.5882337351642724e-07,0,4.5115021103651336e-08,0
site_18083,0,0.645840403966638,0,8.029932196141643e-08,0,7.79986466792016e-21,0
site_20423,0,0.8601981073154105,1,2.7805148306532954e-07,0,0.00028941093300497426,0
site_12628,1,0.8117156353093253,0,0.9999989337788531,1,0.9994314294771163,1
site_09734,1,0.8743459988482968,1,0.9999999427395612,1,0.999951188501385,1
site_01771,0,0.6739397010644247,0,1.0875167451480672e-07,0,1.6340999992873612e-44,0
site_00142,0,0.7138968971032945,0,2.417554635687004e-07,0,2.4032186733647158e-33,0
site_09860,1,0.890407969027729,1,0.9999999175476763,1,0.9998839971416604,1
site_16617,1,0.8692802767578128,1,0.9999995746843392,1,0.9999946291778966,1
site_21285,0,0.8121105416507145,0,1.7442086554603056e-07,0,0.031369284380152004,0
site_01495,1,0.8640298473343035,1,0.9999997271739132,1,0.9998655781551674,1
site_02034,0,0.7511129180180331,0,3.254882459474485e-07,0,2.7910593782079143e-16,0
site_10723,0,0.7880733337770429,0,2.4751145173166468e-05,0,2.8619255073293498e-11,0
site_18912,0,0.8196769743457705,0,4.2796017832313093e-07,0,0.0672518101871866,0
site_16678,1,0.8716589869895799,1,0.9999997026292496,1,0.9999898845930989,1
site_20424,0,0.7856021215545503,0,2.780515165960075e-07,0,8.310777719191229e-34,0
site_20485,0,0.7312126280734613,0,1.744209481893151e-07,0,2.079419075754761e-26,0
site_16382,1,0.8845553616248177,1,0.9999995262586957,1,0.9999988147624884,1
site_00540,0,0.6297360989267746,0,1.6886550676227405e-07,0,3.4911037332379526e-58,0
site_11113,1,0.9032339073724198,1,0.9999999806660017,1,0.9999908122859598,1
site_16620,1,0.8458238638566173,0,0.999999639451359,1,0.9959764522474217,1
site_12520,0,0.8089290690206423,0,4.131221004610344e-07,0,2.359230681169057e-22,0
site_05851,0,0.7913636580318698,0,4.609508742379595e-07,0,4.308398614298184e-30,0
site_09516,0,0.8369256052368815,0,3.46053321809116e-07,0,1.6189611521784793e-05,0
site_01866,0,0.7146324606503887,0,1.125409788180274e-07,0,3.253746666604388e-18,0
site_13806,0,0.7648859095823063,0,2.1718570497333856e-07,0,1.5489516031902301e-16,0
site_20428,0,0.8441314450731437,0,2.78051507432685e-07,0,4.020265497664242e-13,0
site_16913,1,0.8497226140054129,1,0.9999993451863969,1,0.9998060007955074,1
site_19394,0,0.7939380746980604,0,1.744209398968934e-07,0,1.0395220603568408e-11,0
site_02285,0,0.8005915311991239,0,1.087516652041236e-07,0,6.684162246397989e-10,0
site_09075,1,0.8597863621585435,1,0.9999999266942519,1,0.9985421890650601,1
site_16050,1,0.8710523584833442,1,0.9999995432702155,1,0.9999954927982847,1
site_09742,0,0.7488500744801018,0,7.872293151841464e-07,0,1.805573264937366e-39,0
site_17821,0,0.6357557895257585,0,8.029933164484402e-08,0,4.970163010780386e-27,0
site_19869,0,0.7418344836258278,0,1.744209481893151e-07,0,9.10804185305282e-34,0
site_16919,1,0.8495754639177666,1,0.9999996190770056,1,0.9987918097788215,1
site_16602,1,0.7879005466101414,0,0.9999971170470682,1,0.8853041060872189,1
site_12505,1,0.9023494906399732,1,0.9999999333188059,1,0.9999965067448144,1
site_11432,1,0.9019665461655303,1,0.9999999287493662,1,0.999985308723537,1
site_09314,0,0.6978340736709348,0,3.3241466125989704e-07,0,9.261866178106194e-103,0
site_10485,0,0.8266758540450748,0,3.5518331659129554e-07,0,1.7949139843783166e-19,0
site_02162,0,0.7744679166844439,0,1.0875167218821796e-07,0,7.533136387912679e-17,0
site_13698,0,0.7807352872484341,0,2.1718570497333856e-07,0,3.795516515157997e-14,0
site_10731,1,0.873881385931464,1,0.9999997246158846,1,0.9921796423399671,1
site_19393,1,0.8343251674970318,0,0.9999994079086483,1,0.9999885295441434,1
site_01919,0,0.8085981522694654,0,6.14160305117764e-07,0,5.7031930171441e-18,0
site_19877,0,0.7629937123718566,0,2.9376401604636744e-07,0,1.000379159205924e-39,0
site_09728,0,0.783136893743025,0,3.752544792314289e-07,0,2.928497728833436e-32,0
site_01369,0,0.7598406191865408,0,1.84277356199048e-07,0,4.719329464474046e-18,0
site_00029,1,0.8121246773858135,0,0.9999984920400693,1,0.9995972673892544,1
site_00070,0,0.7603843354636116,0,1.688655011972288e-07,0,6.46986363756071e-13,0
site_17487,0,0.5802748517575882,0,8.029933164484402e-08,0,8.162325655314716e-36,0
site_09336,0,0.8836392367973649,1,3.639199726978418e-06,0,0.010324583583157475,0
site_20967,1,0.9221902833010166,1,0.9999996534556381,1,0.99999998611084,1
site_00523,0,0.7428274682795468,0,1.125409788180274e-07,0,6.905511642929292e-08,0
site_10844,1,0.9018952905860591,1,0.9999999442534364,1,0.9999932744355863,1
site_01060,1,0.8722766070798142,1,0.9999997480527125,1,0.9999855036375894,1
site_16738,0,0.7888267910706013,0,1.8785975592376643e-07,0,1.230155665346352e-24,0
site_17021,1,0.8115384981364535,0,0.9999972073789013,1,0.9808886206366245,1
site_15979,0,0.7646792593081182,0,2.5305968675971798e-05,0,5.305427976943253e-12,0
site_11426,1,0.8758324865417414,1,0.9999999438570417,1,0.9999688384479886,1
site_01821,0,0.830539875634484,0,3.3241466125989704e-07,0,1.2066605625843006e-26,0
site_11421,0,0.8402559169943411,0,3.7525446686473686e-07,0,8.988213039406831e-12,0
site_09615,1,0.897542440691949,1,0.9999999333188059,1,0.9999954366274222,1
site_09986,1,0.9012958140517545,1,0.9999999442534364,1,0.9999934757761859,1
site_17535,0,0.7627428891231574,0,4.580640022764199e-06,0,4.241809219251024e-32,0
site_11413,0,0.846196193143148,0,3.55183286182586e-07,0,1.55020332379354e-09,0
site_11873,1,0.8880982300569654,1,0.9999999282619176,1,0.9999949833338085,1
site_20616,1,0.7939288435986526,0,0.9999970576512506,1,0.9825380419929347,1
site_15972,0,0.8513465635848684,1,2.7920061624392746e-07,0,0.2661395884971248,0
site_09501,0,0.85178829546398,1,5.72955240613415e-07,0,0.0005362802452463614,0
site_19936,0,0.8371977956448173,0,2.7805151064748835e-07,0,3.668404599413803e-15,0
site_11549,1,0.8953049672277468,1,0.9999999806660017,1,0.9999859085331329,1
site_00929,0,0.7114031063413606,0,9.186583255382374e-07,0,3.2833697598302273e-47,0
site_05688,0,0.7537852285025906,0,2.2527508607357003e-07,0,2.8030435310134066e-18,0
site_09404,0,0.6667439666063713,0,2.1718570497333856e-07,0,1.411410881518918e-76,0
site_01523,0,0.7099523019970309,0,3.7980483735186254e-07,0,8.022310464292984e-45,0
site_16544,1,0.8032173883917502,0,0.9999973233878436,1,0.9803094441542081,1
site_10837,0,0.7170205464271585,0,1.0522662937819887e-06,0,2.9604792487311007e-34,0
site_10749,1,0.8934885403888768,1,0.9999999175512014,1,0.9994461168624943,1
site_01097,0,0.6673048114120668,0,9.862206848161709e-08,0,4.3077683477873615e-11,0
site_11571,0,0.7591424292610632,0,3.5518331659129554e-07,0,1.6292792339856144e-42,0
site_09967,0,0.6811599085634108,0,7.72328507661468e-07,0,1.3380024275342273e-56,0
site_02346,0,0.8237367529895969,0,3.581798510722667e-07,0,0.06370207520343303,0
site_11558,0,0.804875865120013,0,3.5518331659129554e-07,0,2.3389751280858046e-27,0
site_01613,0,0.7105340978801286,0,1.1020246736866632e-05,0,1.4497786793300572e-10,0
site_11153,0,0.8420909033556084,0,4.9790916319414205e-06,0,7.002298270822582e-07,0
site_20137,1,0.8804860496801892,1,0.9999997254451222,1,0.9999958414992808,1
site_10238,0,0.8682249118435988,1,3.5518314830009606e-07,0,0.023824693879210695,0
site_18470,0,0.8226597671333611,0,5.664608014978905e-07,0,2.2360623752683522e-08,0
site_10863,0,0.8114672046217997,0,3.752544792314289e-07,0,1.5119612938074288e-22,0
site_10851,0,0.8061578487365936,0,3.752544792314289e-07,0,1.8797894572320488e-23,0
site_09703,0,0.4799285957957367,0,2.161051348770441e-07,0,9.819435375610819e-102,0
site_17752,0,0.6030808849830314,0,1.1254099238952947e-07,0,8.739665746386393e-68,0
site_01064,1,0.8608457883758505,1,0.9999997236078013,1,0.999957957262926,1
site_11434,0,0.8445840739309767,0,7.872291179883044e-07,0,0.001687515095323051,0
site_09730,0,0.8452730045105796,0,3.752544471043449e-07,0,1.901053513707712e-08,0
site_02408,1,0.8570203602103321,1,0.9999997043243544,1,0.999750416450203,1
site_21165,0,0.6254008921541923,0,1.744209481893151e-07,0,8.455748952355802e-76,0
site_00926,0,0.5830759716911433,0,1.198249863742993e-07,0,5.552803673346914e-34,0
site_02728,1,0.9111633612194365,1,0.9999998448804518,1,0.9999997438196727,1
site_09400,0,0.6674402218479775,0,6.141603527960234e-07,0,9.713197324519901e-99,0
site_02100,0,0.8519559118575502,1,3.3241466125989704e-07,0,4.922925140703405e-14,0
site_03002,0,0.7584577259172067,0,1.9440549031563158e-07,0,1.0552099178415692e-10,0
site_12747,1,0.8105791441485051,0,0.9999975130504714,1,0.9982988102627369,1
site_16121,1,0.8905003657630118,1,0.999999526258689,1,0.9999996530971427,1
site_09968,0,0.5689739539074166,0,1.6886550676227405e-07,0,1.89102260525005e-59,0
site_09821,0,0.6332705632612566,0,6.16782457749504e-07,0,9.275056517928648e-92,0
site_01467,1,0.8333042641478725,0,0.9999992479268814,1,0.649926253768417,1
site_02038,0,0.7693562769471196,0,1.0875167218821796e-07,0,4.993818324051477e-19,0
site_10242,1,0.9165370449687626,1,0.9999998448804518,1,0.9999998595935802,1
site_11864,1,0.916983123203445,1,0.9999998448804518,1,0.9999999038214503,1
site_20621,0,0.6816234977272182,0,1.744209481893151e-07,0,3.956522851132952e-43,0
site_00259,1,0.7986323505924222,0,0.9999995176595846,1,0.9992095000068263,1
site_02163,0,0.8327225784756533,0,4.35180129347117e-07,0,5.716008987734568e-10,0
site_00371,0,0.5885702600376604,0,1.6886550676227405e-07,0,6.698190526938747e-70,0
site_00050,0,0.8254997972806902,0,1.3751030230450306e-06,0,0.0003269947577284795,0
site_16380,1,0.8810837912351713,1,0.999999526258689,1,0.9999987144005001,1
site_20421,0,0.7571867886661376,0,2.780515165960075e-07,0,4.2750287447708974e-45,0
site_21124,0,0.7720010296089137,0,1.744209481893151e-07,0,5.59757949232182e-22,0
site_11377,0,0.7357532458561413,0,1.0522662937819887e-06,0,2.4065343177715224e-23,0
site_01063,0,0.7776429765934425,0,1.744209398968934e-07,0,2.8619549436074266e-11,0
site_01399,1,0.8226569255134799,0,0.9999995065043772,1,0.9999950712839603,1
site_00332,0,0.8298438654418091,0,1.3751030230450306e-06,0,7.267594021864741e-06,0
site_21068,1,0.8333518448708902,0,0.9999978636076248,1,0.9999998362569583,1
site_13209,0,0.761328160620506,0,1.0875167451480672e-07,0,1.1782183478966042e-20,0
site_10732,1,0.9038051951852641,1,0.99999991645923,1,0.9999993641738069,1
site_10112,0,0.8210919081086827,0,3.5518331659129554e-07,0,1.1794798553991812e-19,0
site_16315,1,0.8693629113409737,1,0.9999995432702221,1,0.9999937832857686,1
site_01819,0,0.7970054346532591,0,6.14160305117764e-07,0,1.690007910358993e-24,0
site_11883,0,0.865362430830549,1,4.7634507177645955e-06,0,0.003461527115865333,0
site_17640,0,0.7575049290723082,0,2.257693437757284e-07,0,1.6026159183384933e-28,0
site_11581,1,0.8772255461702152,1,0.9999999205118318,1,0.9997427806851396,1
site_21262,1,0.9035059599043428,1,0.9999998133659742,1,0.9999999067188508,1
site_12728,0,0.7466476334770562,0,3.0436244984210766e-07,0,2.0745996456090214e-11,0
site_20430,1,0.8905348876733782,1,0.9999998397337165,1,0.9999987941246107,1
site_16743,1,0.8588544666400655,1,0.9999998533441325,1,0.9998949098873614,1
site_03412,0,0.8353940610047382,0,5.158435032482704e-07,0,0.3729313164059788,0
site_16907,1,0.7921277391458443,0,0.999998486490873,1,0.9922995651369932,1
site_17581,0,0.8112374746529626,0,3.4399727553245393e-07,0,1.648189020277659e-37,0
site_00566,0,0.8285274419822503,0,4.195114558956049e-07,0,4.491122799804923e-12,0
site_02294,1,0.8767105003632072,1,0.9999997069294966,1,0.999995643035587,1
site_00502,0,0.8198248112121577,0,1.375328997173628e-06,0,0.12167775510392123,0
site_01627,0,0.6493370029878064,0,1.0875167451480672e-07,0,1.2396200904503863e-60,0
site_09072,0,0.5896301984250695,0,1.6454844028872127e-07,0,9.184609285267263e-101,0
site_02491,0,0.730391778374931,0,1.2625445180563178e-07,0,4.254854074072652e-17,0
site_05782,0,0.7335884900071674,0,4.0126645243416986e-07,0,4.600959292038757e-21,0
site_01105,1,0.8391941038977226,0,0.9999993112759544,1,0.9999994416398212,1
site_05781,0,0.7346453973243413,0,3.321119862960365e-07,0,1.2391679338824737e-19,0
site_11694,0,0.7534592722659194,0,1.4193468228085227e-07,0,5.911465916078106e-18,0
site_15625,0,0.7626624566917936,0,9.157892318499258e-08,0,2.787880293786901e-22,0
site_11373,0,0.7231052095062669,0,1.1806260909612077e-06,0,5.031727050760272e-28,0
site_16494,1,0.8454077585457359,0,0.9999990510987988,1,0.8718265476542324,1
site_00482,0,0.8286275615690207,0,5.171796067659854e-07,0,3.646224700669331e-07,0
site_11836,0,0.8375417840582448,0,3.664617567424589e-07,0,3.025670633766639e-06,0
site_10592,0,0.8540952564459205,1,4.789999194865083e-07,0,0.004071580631488657,0
site_12384,1,0.9008085316576638,1,0.999999926589879,1,0.999998371487598,1
site_10610,1,0.9088521278158515,1,0.9999998448804518,1,0.9999996833935024,1
site_19605,0,0.850949059504965,1,2.780514927908678e-07,0,3.382867153641594e-09,0
site_17619,0,0.8659516287635887,1,3.3241466125989704e-07,0,0.0001130997323484746,0
site_16048,0,0.7875266912944838,0,2.4751145173166468e-05,0,2.1114606598924573e-11,0
site_01500,0,0.7651001955574432,0,1.0875167451480672e-07,0,8.687158898094839e-23,0
site_12763,0,0.7558711034931811,0,4.4235038058155836e-07,0,2.283285852294036e-07,0
site_01553,0,0.8214660153340783,0,1.0302549103786059e-07,0,0.013835956769597237,0
site_12733,0,0.7847094599637271,0,9.157892016696454e-08,0,6.253420934591008e-16,0
site_11005,0,0.7057367122605018,0,1.7368908890978318e-06,0,1.3427056367966495e-57,0
site_02290,1,0.8815261275016517,1,0.9999997226282197,1,0.9999961627008693,1
site_10516,0,0.7501043873159959,0,1.6454844028872127e-07,0,2.436858827078503e-19,0
site_20413,1,0.887354448607193,1,0.9999997167974435,1,0.9999982339931255,1
site_16496,1,0.8850322213962992,1,0.999999526258689,1,0.9999992963783536,1
site_12127,1,0.8179719481042933,0,0.9999976356019098,1,0.9998992507259219,1
site_16911,0,0.7948979130514097,0,2.318626881455674e-07,0,2.4274107660075624e-18,0
site_21400,1,0.8370233780254805,0,0.9999992837861813,1,0.9206542883557377,1
site_11716,0,0.8507013265136192,1,3.55183286182586e-07,0,1.2586493663781536e-09,0
site_10982,1,0.8720511862307053,1,0.9999999490032224,1,0.9999336560882826,1
site_06728,0,0.6079840946563715,0,1.1254099238952947e-07,0,7.22526995082736e-50,0
site_09491,0,0.45709827897285277,0,8.030822669754076e-08,0,2.2405099627384527e-104,0
site_00217,0,0.6970117484677038,0,1.9578560573931744e-07,0,2.479924205156907e-39,0
site_21072,0,0.7777480245145061,0,1.7442094765378785e-07,0,2.0065994929896243e-18,0
site_00900,1,0.8868839732865325,1,0.999999738280854,1,0.9999472795803162,1
site_02897,0,0.7621495750906412,0,2.0539120066085466e-07,0,1.645036095408662e-07,0
site_09613,1,0.8972567528730517,1,0.9999999333188037,1,0.9999966004310729,1
site_20285,0,0.8633993512524342,1,0.9953779184024604,1,0.6577973248492693,1
site_09334,0,0.8912747686139113,1,3.6292019821002545e-06,0,0.4417974498742725,0
site_01211,0,0.7818377612718266,0,1.8785975592376643e-07,0,1.9430843097553006e-25,0
site_09419,0,0.7907002164910573,0,7.872293151841464e-07,0,8.661553241738351e-24,0
site_02173,1,0.8858701381791003,1,0.9999998667958288,1,0.9999938021710157,1
site_00962,0,0.7899527627444651,0,1.9847558218898695e-07,0,1.7553443157436034e-21,0
site_16545,1,0.7946692800824222,0,0.9999985318767239,1,0.9962409663238889,1
site_21434,0,0.8133619336892433,0,2.9690399737619953e-07,0,0.00017951994071325648,0
site_11734,1,0.8960840552658325,1,0.9999998061746764,1,0.8876987010625547,1
site_01719,0,0.7978879385228044,0,1.087516229866132e-07,0,1.5868036234439972e-14,0
site_10243,1,0.9127305880742497,1,0.9999998448804518,1,0.9999997795912843,1
site_17130,1,0.863792166735573,1,0.9999997235845637,1,0.9999763210622173,1
site_19119,0,0.6918481075553092,0,2.053912182452464e-07,0,6.507656912686868e-54,0
site_00819,0,0.7503423342400032,0,3.7980483735186254e-07,0,3.986562209922196e-30,0
site_17851,0,0.6093237991476502,0,8.029932899854039e-08,0,1.2288471478067915e-30,0
site_16437,0,0.79852781378401,0,1.4373502915537814e-07,0,9.835099850690454e-22,0
site_17573,0,0.7081537672705852,0,1.1254099238952947e-07,0,3.286650227740178e-32,0
site_20908,0,0.7135715562751304,0,1.744209481893151e-07,0,1.4711697468174036e-30,0
site_16546,1,0.8133174939994106,0,0.9999977549907865,1,0.9988857945824655,1
site_20353,0,0.7858644214533324,0,2.780515165960075e-07,0,3.3545061574811418e-34,0
site_01497,1,0.866435722938169,1,0.9999996727722169,1,0.9992340423453494,1
site_02788,1,0.9095896221092729,1,0.9999998448804518,1,0.9999997218179194,1
site_11699,1,0.8824974626275184,1,0.9999999175476763,1,0.999913661018449,1
site_10118,1,0.9035988992086587,1,0.9999999806660017,1,0.9999911803109116,1
site_02727,0,0.8316772910979757,0,3.55183312248778e-07,0,3.585262042426562e-17,0
site_02175,0,0.8289416787178397,0,3.55183313375918e-07,0,4.8434200157629854e-17,0
site_02169,1,0.8575772178975003,1,0.9999997447566852,1,0.999904227522456,1
site_02159,0,0.8449757132128921,0,3.3241466125989704e-07,0,2.6644076803412056e-17,0
site_11582,1,0.8562681145754608,1,0.9999999141129516,1,0.991761646340732,1
site_12487,0,0.7568309573079953,0,9.157892318499258e-08,0,4.747223269237072e-23,0
site_13912,0,0.7609796036185044,0,2.1718570497333856e-07,0,1.0050606563628994e-19,0
site_11387,0,0.85453411332557,1,3.880296068957791e-06,0,0.0003444081902951159,0
site_20960,1,0.8343882984299031,0,0.9999978636076248,1,0.9999998533336294,1
site_02040,0,0.8349999433071584,0,3.3241466125989704e-07,0,3.532457624352808e-13,0
site_10369,0,0.8465559416926413,0,3.5518330488605814e-07,0,3.273486247159803e-12,0
site_02351,1,0.866805796521039,1,0.99999972864177,1,0.9999768859102609,1
site_17335,1,0.8590855078912258,1,0.9999997925840654,1,0.9999048521412244,1
site_08874,0,0.5881974825556715,0,1.6454844028872127e-07,0,2.9262993643833075e-98,0
site_06357,0,0.6481444882942358,0,1.1254099137072635e-07,0,4.6013998143228046e-39,0
site_06302,0,0.7766465567126892,0,2.1718570497333856e-07,0,1.5973441466868442e-15,0
site_11241,0,0.8165715018034477,0,9.157890024505015e-08,0,1.6709341765565615e-05,0
site_12766,0,0.8122160250739593,0,3.482476567480197e-07,0,3.917162244508367e-10,0
site_20004,1,0.8714181393160232,1,0.9999998242429475,1,0.999823216139408,1
site_15550,0,0.7827380522166936,0,2.1718570497333856e-07,0,6.626244929180156e-11,0
site_10097,0,0.6896524519246003,0,6.16782457749504e-07,0,3.203495213592018e-57,0
site_11289,0,0.8028921170802152,0,2.984717768618092e-07,0,4.446164835309455e-17,0
site_11280,1,0.8749998399041513,1,0.9999999427395612,1,0.9999561478194008,1
site_16739,1,0.844100009145641,0,0.999998866162976,1,0.3638146884569341,0
site_11143,0,0.7070006952100764,0,9.73030046322737e-07,0,2.2292205777181585e-57,0
site_13006,1,0.7969105749597691,0,0.9999758686121727,1,0.768081782131805,1
site_02402,0,0.7829304221561997,0,1.0875167318519424e-07,0,1.2627316145850539e-15,0
site_16852,0,0.8203439000918812,0,1.9384098465063975e-07,0,4.754305535796193e-09,0
site_06949,0,0.6584919941832228,0,9.157892318499258e-08,0,1.0451437506073447e-62,0
site_09982,1,0.91163979037683,1,0.999999926589879,1,0.9999992246194099,1
site_19874,0,0.8160532197317769,0,2.780515165960075e-07,0,4.244459495643667e-24,0
site_02399,0,0.8552411967496394,1,3.3241466125989704e-07,0,4.489180375707906e-09,0
site_01171,1,0.8429586161422951,0,0.9999994432719399,1,0.8787857472520562,1
site_01246,0,0.6306272791319234,0,2.242654634981869e-07,0,3.009276772006761e-21,0
site_16917,1,0.8854616653144742,1,0.9999997069294966,1,0.9999986519280827,1
site_15974,1,0.8526051173623107,1,0.9999993840101653,1,0.9987960602348895,1
site_07989,0,0.5896223986878534,0,1.125409788180274e-07,0,7.3746214942267645e-87,0
site_13365,0,0.8058169546258501,0,3.0506936760107956e-07,0,6.4601524675264235e-15,0
site_05150,0,0.6750218027573456,0,1.125409899818736e-07,0,1.5545232967539873e-30,0
site_16258,1,0.8538756830569799,1,0.9999995934060762,1,0.999910710329005,1
site_17078,0,0.802577020949154,0,1.437350287140663e-07,0,1.025756052858963e-18,0
site_00220,0,0.7344960086203692,0,3.3170308314107535e-07,0,4.826888540263866e-29,0
site_05496,0,0.7702469968222778,0,1.8785975592376643e-07,0,4.0427760509945194e-32,0
site_09732,0,0.8274001181737457,0,4.790000292254194e-07,0,2.4022471566144197e-15,0
site_16847,0,0.7588591304687591,0,4.1292227189734723e-07,0,0.00045252530895050733,0
site_10123,0,0.8947761701555195,1,3.6292019821002545e-06,0,0.4172033288444835,0
site_11277,0,0.792175759507899,0,3.752544792314289e-07,0,2.7624997612659237e-28,0
site_00499,0,0.8145550513109227,0,1.3751030230450306e-06,0,0.00013900665311123868,0
site_00073,0,0.7733353953672689,0,1.6886542675123948e-07,0,5.866472262278613e-10,0
site_16119,0,0.7949699929681046,0,1.4373502915537814e-07,0,6.70495298084492e-22,0
site_02176,1,0.8638110522118413,1,0.9999998621609413,1,0.6671601910438637,1
site_03282,1,0.7833294982091947,0,0.999998540321131,1,0.9989109948817811,1
site_18548,0,0.7897199112157792,0,1.1254098868068589e-07,0,2.7050399925913684e-09,0
site_16607,0,0.8339568713876255,0,1.938409094013721e-07,0,0.03469088991894106,0
site_13700,0,0.7542787620701252,0,2.8432833314664675e-07,0,8.459951882783595e-15,0
site_16726,0,0.7192453638773652,0,4.279602299315377e-07,0,2.2549366614007563e-20,0
site_21382,1,0.8426954057808363,0,0.9999996256721473,1,0.9926599464768987,1
site_01772,0,0.8069884753427667,0,4.35180129347117e-07,0,6.20888886544737e-26,0
site_00963,0,0.8104194401180044,0,1.878597519047728e-07,0,1.1572255460088655e-14,0
site_11875,0,0.813354961906855,0,3.752544792314289e-07,0,1.3468880349761063e-21,0
site_10961,0,0.7140130732895074,0,6.16782457749504e-07,0,1.9625976674509686e-51,0
site_01180,1,0.8357351688834456,0,0.9999994253121897,1,0.999998865577757,1
site_16735,0,0.8251868004483333,0,1.4373502021436718e-07,0,2.2494777561234888e-10,0
site_12982,0,0.8113884293535434,0,5.160103225350383e-05,0,0.49034466121280995,0
site_20143,0,0.8047090645135606,0,2.780515165960075e-07,0,1.0473275839544684e-26,0
site_18623,0,0.8003488352173711,0,1.125409827544271e-07,0,3.87189594182299e-06,0
site_16790,0,0.7992291721311479,0,2.3186268602267506e-07,0,5.899404078447545e-17,0
site_00931,0,0.795204975986558,0,1.9847558218898695e-07,0,1.0619199836263969e-18,0
site_01725,0,0.7213435341870075,0,1.0875167451480672e-07,0,6.254026544427993e-32,0
site_01098,1,0.8039847593350715,0,0.9999993865861633,1,0.9993484748475575,1
site_12138,1,0.9068691166780115,1,0.99999991645923,1,0.9999995770103876,1
site_11707,1,0.9066169167145385,1,0.9999998448804518,1,0.9999995965560653,1
site_05606,0,0.7446595332251658,0,2.6176770306336635e-07,0,1.5256138892421527e-08,0
site_17279,1,0.8521809477114799,1,0.9999997585703596,1,0.9998288630407481,1
site_16500,1,0.8883225916007705,1,0.9999995262586957,1,0.9999993753697858,1
site_16614,1,0.8604429445438252,1,0.9999995934060762,1,0.9999588723324214,1
site_09151,0,0.6356545553571801,0,8.074597104970932e-07,0,1.2034554999954032e-81,0
site_00565,0,0.7528800487377791,0,2.3808143161912198e-07,0,1.417588728380567e-07,0
site_20066,1,0.8899911033627177,1,0.9999996919537527,1,0.9999988860142341,1
site_01319,1,0.8889626474190102,1,0.9999997069541895,1,0.9999990013598629,1
site_12361,0,0.7908336977750555,0,9.15789153445403e-08,0,1.1159207343011619e-14,0
site_07874,0,0.6325547372083851,0,2.1718570497333856e-07,0,4.051328791311979e-86,0
site_15978,0,0.7806370437941664,0,2.4751145173166468e-05,0,3.068395685141767e-12,0
site_21360,1,0.8656045174697836,1,0.9999997449367157,1,0.9998865443059489,1
site_09087,0,0.7424523526581791,0,1.7067727420890236e-07,0,3.9730783904557717e-20,0
site_02279,0,0.7744556309798214,0,1.0875167093084197e-07,0,4.952586691802209e-18,0
site_02339,0,0.7648067624777157,0,1.0875167451480672e-07,0,1.9039470230633475e-19,0
site_06288,0,0.7116552776808713,0,2.8432833314664675e-07,0,1.0717841207635078e-38,0
site_21259,1,0.8626826063558981,1,0.9999994195038163,1,0.9999994764832948,1
site_20629,0,0.8090270733756592,0,2.780515165960075e-07,0,1.0135287620701614e-29,0
site_19050,1,0.8738387846748844,1,0.9999998551415689,1,0.9999656373588179,1
site_00035,0,0.7621983137472615,0,1.744209481893151e-07,0,3.700655380826656e-24,0
site_11984,0,0.7174101588299743,0,2.984717777782115e-07,0,1.7548015020030368e-45,0
site_02156,0,0.6952808072033687,0,1.1254099204399316e-07,0,1.0419181078481487e-18,0
site_11573,1,0.9122970446817091,1,0.9999999164592145,1,0.9999996538317123,1
site_02667,1,0.8929477031609271,1,0.9999999194590794,1,0.999997309928368,1
site_20690,0,0.8519099981944986,1,2.780514927908678e-07,0,7.051244131521515e-09,0
site_11538,0,0.8395118716530147,0,4.775647023793503e-07,0,0.0020256447572315696,0
site_10595,0,0.8107835015412332,0,3.752544792314289e-07,0,1.2683516703617513e-22,0
site_01822,0,0.8313565244506163,0,3.3241466125989704e-07,0,4.288969259240098e-25,0
site_16555,1,0.892180264284887,1,0.999999526258689,1,0.9999997157329203,1
site_06808,0,0.6619428575531434,0,1.1255345896932614e-07,0,3.7342611091628275e-51,0
site_09520,0,0.8766701352377649,1,3.6386017877745303e-06,0,3.552565274256098e-05,0
site_00858,0,0.6840328009880616,0,1.1254099238952947e-07,0,4.1490233624345866e-29,0
site_02230,0,0.8026492549494869,0,1.878597553469778e-07,0,5.001899801003811e-18,0
site_11276,0,0.8356566632978613,0,3.7525446686473686e-07,0,2.046660614378336e-12,0
site_00032,0,0.8088655348114197,0,1.7442092715561125e-07,0,0.0008631062233942744,0
site_16435,0,0.7562800316110178,0,1.4373502915537814e-07,0,1.4604785838549e-35,0
site_20957,0,0.6751360714065963,0,1.744209481893151e-07,0,1.1253711191452958e-44,0
site_08871,0,0.5934682175370471,0,1.6454844028872127e-07,0,1.6233569508353755e-104,0
site_17221,0,0.7529966256464569,0,3.0304141735063543e-07,0,1.1822798760417937e-32,0
site_16728,0,0.831987638705272,0,2.3186257899741475e-07,0,0.012021586588998257,0
site_01178,0,0.7906792359350755,0,1.744209332564152e-07,0,9.209659307727902e-08,0
site_02275,0,0.7571459993323211,0,2.2527508607357003e-07,0,3.098153257424241e-17,0
site_11717,0,0.830093274272212,0,3.551833155007711e-07,0,6.0053016394951474e-18,0
site_10878,1,0.8953542142310302,1,0.9999999175476763,1,0.9999426397396629,1
site_10877,0,0.7483867394806316,0,7.872293151841464e-07,0,6.533204712964731e-41,0
site_21017,0,0.7084302392326833,0,1.744209481893151e-07,0,2.446519430183172e-44,0
site_00098,0,0.7738515144073003,0,2.1366289142744573e-07,0,1.4245455632714966e-16,0
site_20963,0,0.7455922071272449,0,1.7442094765378785e-07,0,6.763444189941695e-19,0
site_11430,1,0.8597102122764602,1,0.999999874795556,1,0.7589774664451404,1
site_20966,0,0.8086802683827689,0,1.7442092715561125e-07,0,1.4966849426663473e-05,0
site_20489,1,0.888017351730911,1,0.9999998265530331,1,0.9999980060655137,1
site_10359,0,0.5852317316960858,0,1.6886550676227405e-07,0,8.62452952213025e-57,0
site_12263,1,0.8677482640958224,1,0.9999999024258925,1,0.966994806876812,1
site_11565,0,0.8321906254915203,0,3.5518330899265116e-07,0,3.896637436668666e-16,0
site_09853,1,0.8768731356815306,1,0.9999999369613028,1,0.9999700128387988,1
site_17228,1,0.8583364848586887,1,0.9999997136450859,1,0.9999355568894349,1
site_17534,0,0.6504876586141827,0,1.3389938012300713e-07,0,3.3519217078218533e-39,0
site_10011,0,0.7303978440230684,0,2.1541834217978851e-07,0,1.6859741246812983e-22,0
site_20274,1,0.8775614753052998,1,0.9999997167974435,1,0.9999944295943173,1
site_19678,1,0.9118114603536248,1,0.999999806804658,1,0.9999995633420132,1
site_11564,1,0.9156138870568056,1,0.9999999164592214,1,0.9999997751670421,1
site_20619,0,0.8603895041130432,1,5.061322387056904e-07,0,0.4802759270939451,0
site_01459,0,0.5117926502878037,0,1.6571187013204256e-07,0,3.114975477388699e-60,0
site_21118,1,0.8815637521176506,1,0.9999997167974435,1,0.9999965271143403,1
site_09502,1,0.8683506101823728,1,0.9999999472810567,1,0.9998520240186455,1
site_11135,0,0.8139908914273186,0,5.729553097069936e-07,0,1.0023131278135846e-19,0
site_02608,0,0.850445250186809,1,3.55183286182586e-07,0,9.52056920781055e-09,0
site_03826,0,0.7618775623653797,0,3.5764003773583165e-07,0,6.281258489778875e-09,0
site_20486,0,0.7645321793529809,0,1.7442094244118762e-07,0,1.960886772935536e-12,0
site_09331,1,0.8778683846644345,1,0.999999888067019,1,0.987385370626419,1
site_02457,0,0.7860933872914402,0,2.1718570497333856e-07,0,3.957572034459364e-14,0
site_12485,0,0.8312906037414397,0,2.9034990740271714e-07,0,4.946510755666204e-14,0
site_16559,1,0.8535275383292525,1,0.9999993927966785,1,0.9998528932517231,1
site_09235,0,0.6717056845835638,0,5.47387717239914e-07,0,2.7680997683476576e-99,0
site_16443,1,0.8780694660243266,1,0.9999994891130443,1,0.9999972378792091,1
site_12364,0,0.7285332776687934,0,2.984717777782115e-07,0,6.1880480249717216e-40,0
site_19875,0,0.84965286366732,1,2.780514927908678e-07,0,3.873297389210862e-09,0
site_16973,0,0.8391523491008468,0,1.8785973326945603e-07,0,2.2686775984133913e-05,0
site_13132,0,0.757546700864234,0,1.6454844028872127e-07,0,7.345209577845192e-22,0
site_16848,1,0.8089844098094561,0,0.9999981836368554,1,0.9978966417108808,1
site_05614,0,0.7714250427348133,0,2.2527508607357003e-07,0,1.1808025516357965e-09,0
site_09739,1,0.8613362227071543,1,0.9999999378733001,1,0.9991710830278727,1
site_11152,0,0.7042350724988113,0,2.984717777782115e-07,0,9.463004077121647e-51,0
site_12507,0,0.7726170297963431,0,4.790000394729461e-07,0,9.183309586725321e-35,0
site_10841,0,0.7757362427672196,0,4.679896765188946e-07,0,3.6292659560239034e-23,0
site_02293,0,0.7566374413597254,0,1.8785975592376643e-07,0,2.7382095992929923e-35,0
site_12012,0,0.8222263075720284,0,3.5518331659129554e-07,0,1.9468839862831917e-21,0
site_17120,1,0.7946654260682791,0,0.9999984784103024,1,0.9925464794294587,1
site_05556,0,0.7466735875801804,0,2.1718570497333856e-07,0,1.682527833895475e-26,0
site_19531,1,0.8692578293804152,1,0.9999997126178302,1,0.9999842116520105,1
site_20744,1,0.7993224679865002,0,0.9999986233999177,1,0.9999750690751722,1
site_00859,0,0.7313531363386034,0,2.88527607819915e-07,0,2.5545285145523537e-36,0
site_12239,0,0.7617883751804364,0,2.984717777782115e-07,0,7.736228613095325e-29,0
site_10065,0,0.6055610314038675,0,2.1718570497333856e-07,0,5.331994667608425e-104,0
site_08931,0,0.5752451473763672,0,2.1718570497333856e-07,0,1.1117740794329943e-124,0
site_18314,0,0.8439073509558235,0,3.4399727553245393e-07,0,4.572908130653454e-16,0
site_02232,0,0.7980481692334381,0,1.8785975592376643e-07,0,1.2378310238226848e-20,0
site_11249,0,0.7514189302053211,0,3.590407022424792e-05,0,8.12231738333608e-16,0
site_09841,0,0.6703498409953275,0,9.129331549010502e-07,0,1.796823893822808e-54,0
site_11689,0,0.7419238805857146,0,9.157892318499258e-08,0,2.236979420137107e-30,0
site_02726,1,0.8963210665945157,1,0.9999998448804518,1,0.9999983608702934,1
site_20909,0,0.711437866981168,0,1.744209481893151e-07,0,1.7485929455598352e-32,0
site_20422,1,0.9133608201835235,1,0.9999996412725453,1,0.9999999142448741,1
site_00033,0,0.7029833176244552,0,1.744209481893151e-07,0,1.4281117832842443e-46,0
site_17742,0,0.7498934656854621,0,1.0875167451480672e-07,0,6.275082856374238e-26,0
site_00776,0,0.7414149685440137,0,1.0875167451480672e-07,0,6.054292557066628e-31,0
site_10115,0,0.8067384623715037,0,3.752544792314289e-07,0,2.8615676533514637e-23,0
site_12234,0,0.8065363634462833,0,9.157887979350847e-08,0,9.457179529988182e-12,0
site_01175,1,0.8581576043310755,1,0.9999997447566852,1,0.9999334741526616,1
site_17281,0,0.8257942294930034,0,1.984755582544972e-07,0,1.3373585657285437e-07,0
site_11129,1,0.902320303100035,1,0.9999999333188059,1,0.999996591634917,1
site_20351,0,0.8095264983432678,0,2.780515165960075e-07,0,2.058492928172506e-26,0
site_12380,0,0.8377598790905241,0,3.7525446686473686e-07,0,7.76924240620797e-12,0
site_18230,0,0.5782672813016275,0,8.029933164484402e-08,0,3.2882291095077643e-32,0
site_12641,0,0.803983428278623,0,5.729553097069936e-07,0,5.982857806200152e-23,0
site_16547,1,0.8451884809921365,0,0.9999997645688122,1,0.9997554872386082,1
site_17233,0,0.8080307435150377,0,2.5334758031449824e-07,0,3.601999528437268e-13,0
site_21200,1,0.8538520687121588,1,0.9999997232869362,1,0.9998537629243872,1
site_16372,1,0.8801393167834562,1,0.9999995359420295,1,0.9999923590009661,1
site_09852,1,0.9093633732863267,1,0.999999926589879,1,0.9999989365515669,1
site_16436,1,0.8580226518446125,1,0.9999995934060669,1,0.9999607983644219,1
site_11979,0,0.8145085659014479,0,3.0008451959847267e-07,0,1.4082262710892394e-09,0
site_20213,0,0.8100061899377577,0,2.780515165960075e-07,0,5.323272771673386e-25,0
site_17479,0,0.6522740499957322,0,8.029932899854039e-08,0,8.46362281565311e-28,0
site_02533,0,0.7239672608970522,0,1.2608858423684226e-07,0,1.656619828381498e-38,0
site_00003,0,0.7877401894824706,0,1.7442094445782507e-07,0,2.849823002942368e-13,0
site_13207,0,0.7843818327828668,0,1.0875166934447013e-07,0,7.049608043523604e-15,0
site_05535,0,0.7565912774069512,0,2.1718570497333856e-07,0,2.6017140269562017e-27,0
site_09625,0,0.7994161214817352,0,7.872293151841464e-07,0,4.1471686194490667e-22,0
site_13210,0,0.8287344043752969,0,5.47387717239914e-07,0,1.4149398574067686e-09,0
site_20138,0,0.8144704402840197,0,2.780515165960075e-07,0,3.4796800253158244e-23,0
site_01404,0,0.6883678248133013,0,1.842773567648375e-07,0,3.327270812423334e-44,0
site_16310,1,0.84115425446617,0,0.9999997071978,1,0.9993508694532606,1
site_00007,0,0.7355741048721788,0,1.744209481893151e-07,0,1.048195308821793e-35,0
site_01557,0,0.787411419346737,0,1.0875167218821796e-07,0,1.981460452684692e-13,0
site_02528,0,0.8003066606945635,0,1.087516652041236e-07,0,5.893122511024707e-10,0
site_09518,0,0.8814714609898465,1,3.639199726978418e-06,0,0.0096926362622404,0
site_10718,1,0.9073054850102913,1,0.999999926589879,1,0.9999985944520944,1
site_17639,0,0.799142582764432,0,3.4399727553245393e-07,0,7.096156485559582e-37,0
site_20145,1,0.9004509156414304,1,0.9999998068046421,1,0.999998224853086,1
site_12634,1,0.8122310290910568,0,0.9999984920400693,1,0.9995152870101718,1
site_18549,0,0.8506033172431997,1,3.34742208979805e-06,0,0.41782910495309694,0
site_11832,0,0.8160872162876317,0,3.068555985219706e-07,0,2.074789897012579e-09,0
site_10233,0,0.8691190145922175,1,3.3648158741781694e-07,0,0.10509583040754823,0
site_16427,0,0.7656647981898475,0,0.9869930896161636,1,0.40064894526997874,0
site_10876,0,0.7938343933452809,0,7.872293151841464e-07,0,1.8409921572224525e-24,0
site_01289,0,0.7454266130391215,0,1.744209481893151e-07,0,2.515170625599177e-26,0
site_11244,0,0.7587314448056167,0,2.814348757976554e-07,0,4.530223048955211e-27,0
site_07203,0,0.6781945466833952,0,2.1718570497333856e-07,0,3.820288429537353e-64,0
site_00071,0,0.7921190850322181,0,1.9965203988468783e-06,0,1.4142463120621522e-07,0
site_11415,0,0.8242581012194257,0,3.551833155007711e-07,0,3.3496889736437007e-18,0
site_10590,0,0.7415958320385351,0,6.16782457749504e-07,0,4.7021926058922305e-32,0
site_01870,0,0.8264093408658387,0,2.799237615426537e-07,0,1.1914115072616432e-24,0
site_10976,1,0.9037963682669464,1,0.9999999605837406,1,0.9999937271471449,1
site_20490,0,0.8022580445996103,0,2.780515165960075e-07,0,6.71611477196162e-28,0
site_13323,0,0.8157709416861538,0,4.658434402825232e-07,0,3.093967082027781e-12,0
site_20622,0,0.8536646850581349,1,2.7805148306532954e-07,0,1.975178946520083e-06,0
site_15763,0,0.8330075687160353,0,4.609508742379595e-07,0,2.0731344789884454e-05,0
site_09244,1,0.8953194840771644,1,0.9999999014995405,1,0.9983393811151823,1
site_17277,1,0.8703333616837154,1,0.9999997226282197,1,0.99998300070934,1
site_10831,0,0.5924481940042985,0,1.3389938012300713e-07,0,1.7668910712245354e-58,0
site_12744,1,0.7931627943615951,0,0.9999983130906486,1,0.984762750557984,1
site_17481,0,0.6837450954665384,0,1.639167314748014e-07,0,4.438154209353478e-30,0
site_20907,0,0.7599260438817452,0,1.8427735069188732e-07,0,8.971340472195143e-13,0
site_17077,0,0.8137480430797505,0,1.4373502608037043e-07,0,1.6313283181768857e-13,0
site_09327,0,0.8155248611526724,0,7.872293055593824e-07,0,9.842518286563975e-16,0
site_11684,0,0.7267553209113008,0,9.157892318499258e-08,0,1.0946183306150499e-33,0
site_01720,0,0.7895539286837248,0,1.0875166140026465e-07,0,7.915099517665387e-16,0
site_16255,1,0.8808986359972021,1,0.999999526258689,1,0.9999988795223209,1
site_16975,1,0.8711909826728021,1,0.9999997026293056,1,0.9999898674444266,1
site_16966,0,0.8261668263455785,0,3.5995743838133246e-07,0,0.00030683870644523025,0
site_10064,0,0.5853895334824266,0,4.0126648358514126e-07,0,5.862045298010968e-104,0
site_12265,1,0.913670946965512,1,0.9999999164592145,1,0.999999628073942,1
site_00525,0,0.6956787544660393,0,9.157892318499258e-08,0,4.919321443271388e-43,0
site_19255,0,0.7731506187066011,0,1.744209481893151e-07,0,5.057249254355899e-20,0
site_16679,0,0.8404990481016972,0,0.9818116977868466,1,0.17185320282459576,0
site_12359,0,0.8097917737211294,0,3.0506936760107956e-07,0,9.697060606889283e-13,0
site_01865,0,0.680708847815876,0,1.1254099238952947e-07,0,6.402997862681672e-22,0
site_17283,1,0.8627268594432056,1,0.9999997518996522,1,0.9999483010485887,1
site_01589,0,0.7532720749108386,0,1.0875167451480672e-07,0,5.009602093229529e-24,0
site_13360,0,0.7752386197321266,0,2.3262496187887307e-07,0,2.6195884679043865e-06,0
site_16492,1,0.8492342931670288,1,0.9999993451863969,1,0.9998140918848091,1
site_09614,0,0.8102537513905235,0,4.790000394729461e-07,0,1.2761172533481309e-21,0
site_00374,0,0.7336784520591372,0,1.6886550676227405e-07,0,1.4270331063075792e-22,0
site_02488,0,0.7317261021512822,0,1.2625444738956958e-07,0,1.2435782353935827e-16,0
site_02333,0,0.7599150826554366,0,2.1718570497333856e-07,0,3.8231605513964873e-16,0
site_19803,1,0.879931942950553,1,0.9999997319675767,1,0.9999939872058466,1
site_17438,0,0.604468141080491,0,8.029932992695326e-08,0,1.3928423616123321e-31,0
site_20073,1,0.8671966683676777,1,0.9999997738512613,1,0.9945872773431016,1
site_01428,1,0.8861245596201888,1,0.9999997226282197,1,0.9999977794366934,1
site_15838,1,0.8734823693016315,1,0.9999995611055791,1,0.9999440754032307,1
site_20352,0,0.8145958754175019,0,2.780515165960075e-07,0,1.7831736507460367e-24,0
site_10748,0,0.8279197638046225,0,7.872292892406361e-07,0,3.0248442393045606e-11,0
site_17280,0,0.8150549206514945,0,1.9847557564812812e-07,0,6.476045483857629e-12,0
site_20799,0,0.7173482552946278,0,1.744209481893151e-07,0,8.487204911671246e-30,0
site_11265,0,0.7161877592119695,0,3.752544792314289e-07,0,1.6818445420923783e-56,0
site_20214,0,0.8446372883375189,0,2.780514992998666e-07,0,1.3456243556283604e-10,0
site_12732,0,0.8236509811951876,0,4.609508742379595e-07,0,1.883473361031651e-12,0
site_11264,1,0.8648589310826119,1,0.9999998951177361,1,0.8458056438683698,1
site_09740,1,0.871310418853759,1,0.9999999291965876,1,0.9998574124794763,1
site_09937,0,0.6081021946943693,0,2.1718570497333856e-07,0,1.3446006022334836e-102,0
site_16487,1,0.7901909100572293,0,0.9999986079287438,1,0.9928315517479086,1
site_01219,0,0.7015478381723541,0,1.744209481893151e-07,0,3.6986911668849503e-41,0
site_10747,1,0.8869388852714224,1,0.9999999175512014,1,0.9995789648615231,1
site_21333,1,0.837583647874385,0,0.9999994699762194,1,0.9977586532688864,1
site_11696,0,0.7316335368283969,0,2.0091626364719972e-07,0,4.7051033160358155e-19,0
site_12502,0,0.8409138879304339,0,5.729552606539357e-07,0,9.807621263458546e-09,0
site_00458,0,0.7568403466817085,0,1.6886550314963482e-07,0,1.9930118562267746e-15,0
site_20067,1,0.9035699513268098,1,0.9999998068046785,1,0.9999993621208488,1
site_15554,0,0.8345979630122163,0,3.664617567424589e-07,0,4.629619021738743e-09,0
site_00500,0,0.8152906972169798,0,1.4263205700136284e-06,0,0.0014830794160379053,0
site_03689,0,0.7439956982081273,0,1.125409788180274e-07,0,7.207310320381826e-08,0
site_13588,0,0.7793637785906882,0,2.1718570497333856e-07,0,8.569018436127292e-12,0
site_16495,1,0.8806608984572576,1,0.999999526258689,1,0.999998667312845,1
site_16673,0,0.7404845196583599,0,1.4373502915537814e-07,0,3.590194464115655e-43,0
site_21166,0,0.6043425506191952,0,1.744209481893151e-07,0,7.932219973543595e-84,0
site_02424,0,0.7745916236289888,0,2.3054552232085984e-05,0,7.3750350522885e-12,0
site_16964,0,0.7663512332892786,0,3.911804192806689e-07,0,0.5039959800358943,1
site_20492,0,0.8226958588025202,0,2.780515165960075e-07,0,7.635330451453694e-22,0
site_17079,1,0.8795863462739384,1,0.9999997069294966,1,0.9999968418843453,1
site_17484,0,0.5284991329060883,0,8.029933164484402e-08,0,8.167989599723907e-45,0
site_21311,0,0.7512879270440245,0,1.744209481893151e-07,0,6.418265012746691e-27,0
site_11869,0,0.8228380661085304,0,3.5518331659129554e-07,0,1.3981383009925525e-21,0
site_11522,0,0.7437647500079585,0,2.2527508607357003e-07,0,1.2266020728000642e-24,0
site_20557,0,0.7975772896950202,0,2.780515165960075e-07,0,4.471583995195054e-30,0
site_21337,1,0.8985899797171121,1,0.9999998359983271,1,0.9999958513449815,1
site_17128,1,0.8466931947264122,0,0.99999886706516,1,0.7812567032022963,1
site_09002,0,0.5843644603850098,0,1.6454844028872127e-07,0,3.864208348107764e-102,0
site_09701,0,0.57068924094212,0,1.1254093906589986e-07,0,3.249350874209502e-101,0
site_10124,0,0.8725303457473277,1,3.639199726978418e-06,0,0.017931563192132065,0
site_17531,0,0.6513723160063187,0,1.1254099238952947e-07,0,8.921247288615693e-49,0
site_02042,1,0.8754075084100856,1,0.9999997026042481,1,0.9999948785551397,1
site_11733,0,0.84261239230145,0,7.872292202509418e-07,0,0.0004784168474919909,0
site_09510,1,0.8801558138212435,1,0.9999999239077058,1,0.9999263807541677,1
site_15692,0,0.7188628978018348,0,1.125409899818736e-07,0,2.590128944915575e-14,0
site_17524,1,0.8592303954293428,1,0.9999995892884673,1,0.9948145426794279,1
site_11866,0,0.7859399308596182,0,3.5518331659129554e-07,0,3.836930728893403e-35,0
site_17679,0,0.7136334392137961,0,1.7529417299666976e-07,0,7.239984958047341e-22,0
site_21235,0,0.700606283297968,0,1.744209481893151e-07,0,1.3232876718485432e-48,0
site_10867,0,0.7747930853375933,0,7.872293151841464e-07,0,9.504929799623749e-32,0
site_21286,0,0.862298073959307,1,2.7805148306532954e-07,0,9.337670885771701e-06,0
site_12255,1,0.8669276405834365,1,0.9999999142583238,1,0.9711497861492278,1
site_09242,0,0.7103247565794235,0,7.872293151841464e-07,0,1.0892902436735224e-54,0
site_12522,0,0.8553570675053458,1,4.789998125155483e-07,0,0.025360464165967968,0
site_13807,0,0.7587815871390677,0,2.1718570497333856e-07,0,2.4003909823546776e-17,0
site_01560,0,0.782728807734796,0,1.0875167218821796e-07,0,8.225007289047527e-15,0
site_19740,1,0.838791031475633,0,0.9999994403487898,1,0.9999955964864323,1
site_11409,0,0.8689732750406083,1,3.3648158741781694e-07,0,0.09950167235059351,0
site_13808,0,0.7738358457019203,0,2.1718570497333856e-07,0,1.4113182326508936e-19,0
site_03055,1,0.8247049824453954,0,0.9999975019916988,1,0.9999756349431828,1
site_19938,1,0.8994110874985544,1,0.9999996412725453,1,0.9999994485098328,1
site_11839,0,0.6701228166303144,0,9.867954525523143e-08,0,2.4070242306127907e-31,0
site_20345,0,0.7142714134347243,0,1.744209481893151e-07,0,2.9428029739181865e-33,0
site_10872,1,0.8898160506606917,1,0.9999999210735429,1,0.9999599908581751,1
site_02845,1,0.911264034392905,1,0.9999998448804518,1,0.9999997798915037,1
site_19388,1,0.8690642398692371,1,0.9999997168213051,1,0.9999811334907618,1
site_20286,0,0.8412151289494578,0,2.7805150337672265e-07,0,1.1966648368807004e-11,0
site_06441,0,0.6756566833325769,0,1.3389938012300713e-07,0,8.287780998706604e-25,0
site_02489,0,0.6760225123815327,0,1.2625446261479988e-07,0,2.5024698746522645e-33,0
site_09238,0,0.692084894189382,0,3.643967155953703e-07,0,1.1592966725028829e-78,0
site_09849,1,0.9101422039045756,1,0.999999926589879,1,0.9999992619516922,1
site_02217,0,0.7803183444119933,0,9.157891214134076e-08,0,2.1050257347631604e-20,0
site_12630,1,0.8092305461038396,0,0.9999989394562222,1,0.9994321022064125,1
site_12269,0,0.8231643208856835,0,3.5518331659129554e-07,0,4.1080818045348047e-19,0
site_15977,0,0.7585487898918031,0,4.362560875028068e-05,0,7.47527251703924e-14,0
site_00044,1,0.8043923065583267,0,0.9999984297052265,1,0.9962744718535138,1
site_02097,0,0.7703900027485029,0,1.0875167218821796e-07,0,3.6342152798052396e-19,0
site_13549,0,0.8185123990956993,0,6.14160305117764e-07,0,7.069696526586219e-13,0
site_11275,1,0.8896365934936876,1,0.999999926589879,1,0.9999945860662068,1
site_12607,0,0.7668817689603254,0,9.157892206533644e-08,0,3.284964098614096e-21,0
site_09867,0,0.6795127207543846,0,2.984717777782115e-07,0,1.4748399132264933e-59,0
site_19747,0,0.8182101917285513,0,2.780515165960075e-07,0,2.4411311381946678e-23,0
site_10608,1,0.9157243412388402,1,0.9999998448804518,1,0.9999998862881179,1
site_17682,0,0.7367040187831458,0,1.1254099238952947e-07,0,1.6987963185835275e-24,0
site_19812,0,0.8241402416328334,0,2.780515165960075e-07,0,5.621896535750719e-20,0
site_12271,0,0.8628406529251738,1,3.5518314830009606e-07,0,0.05201254503863206,0
site_02109,0,0.840175675204553,0,1.8785970886608938e-07,0,0.00014460301804250774,0
site_11106,0,0.8362751909216846,0,7.872292477862167e-07,0,1.9855700169546452e-08,0
site_17131,1,0.8892016494693902,1,0.9999997069294966,1,0.9999991217297772,1
site_18394,0,0.6711212729228792,0,1.2747419454903684e-07,0,2.7449009779697737e-16,0
site_16610,0,0.7264570135573568,0,1.4373502915537814e-07,0,2.199462640935098e-46,0
site_12509,0,0.8412592106615406,0,4.789999984637809e-07,0,1.698091172538569e-09,0
site_20806,0,0.7251985108739416,0,2.780515165960075e-07,0,5.625489783597257e-57,0
site_00290,0,0.7355852057388882,0,1.6886550676227405e-07,0,6.06094454814644e-21,0
site_17852,0,0.5962769192752495,0,8.029933139829975e-08,0,1.2263757044571812e-30,0
site_17748,0,0.7033553245916482,0,2.161051348770441e-07,0,1.822525286027098e-21,0
site_16802,0,0.8368141120073029,0,1.88025099400787e-07,0,0.03746352367985952,0
site_10970,1,0.8378580422700745,0,0.9999997885498882,1,0.9974512523571861,1
site_12258,1,0.887987422544908,1,0.9999999249987236,1,0.9999943424233868,1
site_20859,1,0.8914108807935084,1,0.9999996919537527,1,0.9999992015068263,1
site_16040,0,0.8033649300067549,0,2.172213956862813e-07,0,0.04813373833730696,0
site_10843,0,0.8300963507661427,0,1.1237033078273934e-06,0,1.1800572049799483e-12,0
site_17532,0,0.7511554886631155,0,1.125409827544271e-07,0,1.2003728811411298e-30,0
site_01252,1,0.8038237424309124,0,0.9999987471008981,1,0.9433333167120951,1
site_00930,0,0.7507135455300544,0,3.0304141735063543e-07,0,8.054216578226411e-34,0
site_13699,0,0.77893348533514,0,2.1718570497333856e-07,0,3.5345456073996587e-15,0
site_10991,0,0.7522862248626956,0,3.752544792314289e-07,0,5.163450031941838e-44,0
site_20965,0,0.7404012293775314,0,1.744209481893151e-07,0,6.048164595270371e-22,0
site_11401,1,0.8820061565194895,1,0.9999999287493706,1,0.9999463924480717,1
site_12608,0,0.7750272883995982,0,9.157892122579093e-08,0,3.2668150864277933e-19,0
site_10111,0,0.8090267232601225,0,3.5518331659129554e-07,0,1.068399784988934e-24,0
site_20495,1,0.876366184395472,1,0.9999996068983483,1,0.9999783716873254,1
site_12398,1,0.8899802774929277,1,0.999999926589879,1,0.9999948208241981,1
site_09736,0,0.8183371071986314,0,5.72955307947841e-07,0,7.128348642902678e-18,0
site_15904,1,0.8464706177013036,0,0.9999984630713628,1,0.962842589766042,1
site_06371,0,0.7310228297320485,0,1.0875167451480672e-07,0,1.1448764911725916e-28,0
site_13477,0,0.7654058441085023,0,2.8432833314664675e-07,0,1.8584052942310153e-10,0
site_01290,0,0.8247447868461648,0,1.878597469924299e-07,0,4.4074644775769135e-11,0
site_21073,0,0.7144873273850243,0,1.744209481893151e-07,0,2.546928908204279e-42,0
