method,feature,importance_mean,importance_std,scoring,repeats
LightGBM,slope,0.19003491942031953,0.005525707478648439,f1,20
LightGBM,road_distance_m,0.8519519615129136,0.01253670319821649,f1,20
LightGBM,ground_difficulty_score,0.010827138367105698,0.002208814160497383,f1,20
LightGBM,LSC_MstLmt,0.0,0.0,f1,20
LightGBM,LSC_WatrEr,0.0,0.0,f1,20
LightGBM,LSC_Watlog,0.0,0.0,f1,20
LightGBM,LSC_Mass_m,0.0,0.0,f1,20
LightGBM,LSC_Sh_Rk,0.0,0.0,f1,20
LightGBM,LSC_StrD,0.0,0.0,f1,20
MLP,slope,0.17733370742624782,0.006237699597424524,f1,20
MLP,road_distance_m,0.834895691327592,0.012778519437430613,f1,20
MLP,ground_difficulty_score,0.10692425371595346,0.005755365116806768,f1,20
MLP,LSC_MstLmt,0.1314118967662648,0.0064035850932415055,f1,20
MLP,LSC_WatrEr,0.03660203485504158,0.004425972621085165,f1,20
MLP,LSC_Watlog,0.04231732103803602,0.0045369840626802585,f1,20
MLP,LSC_Mass_m,0.004128592068567316,0.001886201638671412,f1,20
MLP,LSC_Sh_Rk,0.020589664202553065,0.003091032432741397,f1,20
MLP,LSC_StrD,0.0202582439600179,0.003402188861496605,f1,20
