site_id,LSC_MstLmt,LSC_WatrEr,LSC_Watlog,LSC_Mass_m,LSC_Sh_Rk,LSC_StrD,legacy_ground_difficulty_score,legacy_prefab_label,disposition,ground_difficulty_score,prefab_label
site_00184,99.0,99.0,99.0,99.0,99.0,99.0,1.0,0,excluded_water,,
site_01355,98.0,98.0,98.0,98.0,98.0,98.0,1.0,0,retained_code_98_as_missing,0.3214285714285714,1.0
site_01356,98.0,98.0,98.0,98.0,98.0,98.0,1.0,0,retained_code_98_as_missing,0.3214285714285714,0.0
site_01357,98.0,98.0,98.0,98.0,98.0,98.0,1.0,0,retained_code_98_as_missing,0.3214285714285714,1.0
site_01392,98.0,98.0,98.0,98.0,98.0,98.0,1.0,0,retained_code_98_as_missing,0.3214285714285714,0.0
site_03480,98.0,98.0,98.0,98.0,98.0,98.0,1.0,0,retained_code_98_as_missing,0.3214285714285714,0.0
site_03548,98.0,98.0,98.0,98.0,98.0,98.0,1.0,0,retained_code_98_as_missing,0.3214285714285714,0.0
site_03549,98.0,98.0,98.0,98.0,98.0,98.0,1.0,0,retained_code_98_as_missing,0.3214285714285714,0.0
site_03620,98.0,98.0,98.0,98.0,98.0,98.0,1.0,0,retained_code_98_as_missing,0.3214285714285714,0.0
site_03622,98.0,98.0,98.0,98.0,98.0,98.0,1.0,0,retained_code_98_as_missing,0.3214285714285714,0.0
site_05336,98.0,98.0,98.0,98.0,98.0,98.0,1.0,0,retained_code_98_as_missing,0.3214285714285714,0.0
site_05375,98.0,98.0,98.0,98.0,98.0,98.0,1.0,0,retained_code_98_as_missing,0.3214285714285714,0.0
site_05376,98.0,98.0,98.0,98.0,98.0,98.0,1.0,0,retained_code_98_as_missing,0.3214285714285714,0.0
site_09498,98.0,98.0,98.0,98.0,98.0,98.0,1.0,0,retained_code_98_as_missing,0.3214285714285714,0.0
site_09606,98.0,98.0,98.0,98.0,98.0,98.0,1.0,0,retained_code_98_as_missing,0.3214285714285714,0.0
site_09607,98.0,98.0,98.0,98.0,98.0,98.0,1.0,0,retained_code_98_as_missing,0.3214285714285714,0.0
site_12274,98.0,98.0,98.0,98.0,98.0,98.0,1.0,0,retained_code_98_as_missing,0.3214285714285714,1.0
site_12399,98.0,98.0,98.0,98.0,98.0,98.0,1.0,0,retained_code_98_as_missing,0.3214285714285714,1.0
site_12523,98.0,98.0,98.0,98.0,98.0,98.0,1.0,0,retained_code_98_as_missing,0.3214285714285714,1.0
site_12646,98.0,98.0,98.0,98.0,98.0,98.0,1.0,0,retained_code_98_as_missing,0.3214285714285714,1.0
site_12769,99.0,99.0,99.0,99.0,99.0,99.0,1.0,0,excluded_water,,
site_12770,99.0,99.0,99.0,99.0,99.0,99.0,1.0,0,excluded_water,,
site_12771,98.0,98.0,98.0,98.0,98.0,98.0,1.0,0,retained_code_98_as_missing,0.3214285714285714,1.0
site_12772,98.0,98.0,98.0,98.0,98.0,98.0,1.0,0,retained_code_98_as_missing,0.3214285714285714,0.0
site_12773,99.0,99.0,99.0,99.0,99.0,99.0,1.0,0,excluded_water,,
site_12890,98.0,98.0,98.0,98.0,98.0,98.0,1.0,0,retained_code_98_as_missing,0.3214285714285714,1.0
site_12891,98.0,98.0,98.0,98.0,98.0,98.0,1.0,0,retained_code_98_as_missing,0.3214285714285714,0.0
site_12892,98.0,98.0,98.0,98.0,98.0,98.0,1.0,0,retained_code_98_as_missing,0.3214285714285714,0.0
site_12893,98.0,98.0,98.0,98.0,98.0,98.0,1.0,0,retained_code_98_as_missing,0.3214285714285714,0.0
site_12894,98.0,98.0,98.0,98.0,98.0,98.0,1.0,0,retained_code_98_as_missing,0.3214285714285714,0.0
site_13010,98.0,98.0,98.0,98.0,98.0,98.0,1.0,0,retained_code_98_as_missing,0.3214285714285714,0.0
site_13011,98.0,98.0,98.0,98.0,98.0,98.0,1.0,0,retained_code_98_as_missing,0.3214285714285714,0.0
site_13012,98.0,98.0,98.0,98.0,98.0,98.0,1.0,0,retained_code_98_as_missing,0.3214285714285714,0.0
site_13013,98.0,98.0,98.0,98.0,98.0,98.0,1.0,0,retained_code_98_as_missing,0.3214285714285714,0.0
site_13129,98.0,98.0,98.0,98.0,98.0,98.0,1.0,0,retained_code_98_as_missing,0.3214285714285714,0.0
site_13130,98.0,98.0,98.0,98.0,98.0,98.0,1.0,0,retained_code_98_as_missing,0.3214285714285714,0.0
site_13131,98.0,98.0,98.0,98.0,98.0,98.0,1.0,0,retained_code_98_as_missing,0.3214285714285714,0.0
site_13247,98.0,98.0,98.0,98.0,98.0,98.0,1.0,0,retained_code_98_as_missing,0.3214285714285714,0.0
site_13248,98.0,98.0,98.0,98.0,98.0,98.0,1.0,0,retained_code_98_as_missing,0.3214285714285714,0.0
site_13363,98.0,98.0,98.0,98.0,98.0,98.0,1.0,0,retained_code_98_as_missing,0.3214285714285714,0.0
site_13914,98.0,98.0,98.0,98.0,98.0,98.0,1.0,0,retained_code_98_as_missing,0.3214285714285714,0.0
site_14016,98.0,98.0,98.0,98.0,98.0,98.0,1.0,0,retained_code_98_as_missing,0.3214285714285714,0.0
site_14116,98.0,98.0,98.0,98.0,98.0,98.0,1.0,0,retained_code_98_as_missing,0.3214285714285714,0.0
site_15253,98.0,98.0,98.0,98.0,98.0,98.0,1.0,0,retained_code_98_as_missing,0.3214285714285714,0.0
site_15254,98.0,98.0,98.0,98.0,98.0,98.0,1.0,0,retained_code_98_as_missing,0.3214285714285714,0.0
site_15255,98.0,98.0,98.0,98.0,98.0,98.0,1.0,0,retained_code_98_as_missing,0.3214285714285714,0.0
site_15330,98.0,98.0,98.0,98.0,98.0,98.0,1.0,0,retained_code_98_as_missing,0.3214285714285714,0.0
site_15331,98.0,98.0,98.0,98.0,98.0,98.0,1.0,0,retained_code_98_as_missing,0.3214285714285714,0.0
site_15332,98.0,98.0,98.0,98.0,98.0,98.0,1.0,0,retained_code_98_as_missing,0.3214285714285714,0.0
site_15333,98.0,98.0,98.0,98.0,98.0,98.0,1.0,0,retained_code_98_as_missing,0.3214285714285714,0.0
site_15406,98.0,98.0,98.0,98.0,98.0,98.0,1.0,0,retained_code_98_as_missing,0.3214285714285714,0.0
site_15407,98.0,98.0,98.0,98.0,98.0,98.0,1.0,0,retained_code_98_as_missing,0.3214285714285714,0.0
site_15408,98.0,98.0,98.0,98.0,98.0,98.0,1.0,0,retained_code_98_as_missing,0.3214285714285714,0.0
site_15409,98.0,98.0,98.0,98.0,98.0,98.0,1.0,0,retained_code_98_as_missing,0.3214285714285714,0.0
site_15481,98.0,98.0,98.0,98.0,98.0,98.0,1.0,0,retained_code_98_as_missing,0.3214285714285714,0.0
site_15482,98.0,98.0,98.0,98.0,98.0,98.0,1.0,0,retained_code_98_as_missing,0.3214285714285714,0.0
site_15483,98.0,98.0,98.0,98.0,98.0,98.0,1.0,0,retained_code_98_as_missing,0.3214285714285714,0.0
site_15484,98.0,98.0,98.0,98.0,98.0,98.0,1.0,0,retained_code_98_as_missing,0.3214285714285714,0.0
site_15556,98.0,98.0,98.0,98.0,98.0,98.0,1.0,0,retained_code_98_as_missing,0.3214285714285714,0.0
site_15557,98.0,98.0,98.0,98.0,98.0,98.0,1.0,0,retained_code_98_as_missing,0.3214285714285714,0.0
site_15626,98.0,98.0,98.0,98.0,98.0,98.0,1.0,0,retained_code_98_as_missing,0.3214285714285714,0.0
site_15627,98.0,98.0,98.0,98.0,98.0,98.0,1.0,0,retained_code_98_as_missing,0.3214285714285714,0.0
site_15628,98.0,98.0,98.0,98.0,98.0,98.0,1.0,0,retained_code_98_as_missing,0.3214285714285714,0.0
site_15629,98.0,98.0,98.0,98.0,98.0,98.0,1.0,0,retained_code_98_as_missing,0.3214285714285714,0.0
site_15696,98.0,98.0,98.0,98.0,98.0,98.0,1.0,0,retained_code_98_as_missing,0.3214285714285714,0.0
site_15697,98.0,98.0,98.0,98.0,98.0,98.0,1.0,0,retained_code_98_as_missing,0.3214285714285714,0.0
site_15698,98.0,98.0,98.0,98.0,98.0,98.0,1.0,0,retained_code_98_as_missing,0.3214285714285714,1.0
site_15699,98.0,98.0,98.0,98.0,98.0,98.0,1.0,0,retained_code_98_as_missing,0.3214285714285714,0.0
site_15975,98.0,98.0,98.0,98.0,98.0,98.0,1.0,0,retained_code_98_as_missing,0.3214285714285714,0.0
site_16045,98.0,98.0,98.0,98.0,98.0,98.0,1.0,0,retained_code_98_as_missing,0.3214285714285714,0.0
site_16046,98.0,98.0,98.0,98.0,98.0,98.0,1.0,0,retained_code_98_as_missing,0.3214285714285714,1.0
site_16047,98.0,98.0,98.0,98.0,98.0,98.0,1.0,0,retained_code_98_as_missing,0.3214285714285714,0.0
site_16116,98.0,98.0,98.0,98.0,98.0,98.0,1.0,0,retained_code_98_as_missing,0.3214285714285714,1.0
site_16117,98.0,98.0,98.0,98.0,98.0,98.0,1.0,0,retained_code_98_as_missing,0.3214285714285714,0.0
site_16118,98.0,98.0,98.0,98.0,98.0,98.0,1.0,0,retained_code_98_as_missing,0.3214285714285714,1.0
site_16184,98.0,98.0,98.0,98.0,98.0,98.0,1.0,0,retained_code_98_as_missing,0.3214285714285714,1.0
site_16185,98.0,98.0,98.0,98.0,98.0,98.0,1.0,0,retained_code_98_as_missing,0.3214285714285714,1.0
site_16186,98.0,98.0,98.0,98.0,98.0,98.0,1.0,0,retained_code_98_as_missing,0.3214285714285714,0.0
site_16249,98.0,98.0,98.0,98.0,98.0,98.0,1.0,0,retained_code_98_as_missing,0.3214285714285714,1.0
site_16250,98.0,98.0,98.0,98.0,98.0,98.0,1.0,0,retained_code_98_as_missing,0.3214285714285714,1.0
site_16251,98.0,98.0,98.0,98.0,98.0,98.0,1.0,0,retained_code_98_as_missing,0.3214285714285714,0.0
site_16313,99.0,99.0,99.0,99.0,99.0,99.0,1.0,0,excluded_water,,
site_16314,99.0,99.0,99.0,99.0,99.0,99.0,1.0,0,excluded_water,,
site_16374,99.0,99.0,99.0,99.0,99.0,99.0,1.0,0,excluded_water,,
site_18157,99.0,99.0,99.0,99.0,99.0,99.0,1.0,0,excluded_water,,
site_18236,99.0,99.0,99.0,99.0,99.0,99.0,1.0,0,excluded_water,,
site_20219,98.0,98.0,98.0,98.0,98.0,98.0,1.0,0,retained_code_98_as_missing,0.3214285714285714,0.0
site_20288,98.0,98.0,98.0,98.0,98.0,98.0,1.0,0,retained_code_98_as_missing,0.3214285714285714,0.0
site_21480,98.0,98.0,98.0,98.0,98.0,98.0,1.0,0,retained_code_98_as_missing,0.3214285714285714,0.0
site_21508,98.0,98.0,98.0,98.0,98.0,98.0,1.0,0,retained_code_98_as_missing,0.3214285714285714,0.0
